{"age": 0.0016277921432446987, "income": 0.005169612011516675, "purchases_count": 0.11701385152601806, "total_spent": 0.032261059517350414, "session_duration": 0.002753961397684477, "page_views": 0.02951390124295829, "days_since_last_visit": 0.003767041726593747, "cart_abandonment_rate": 0.0088126846218745, "days_since_last_purchase": 0.01539683165081806, "feature_usage_score": 0.0016769225071428468, "subscription_tenure_months": 0.0016363213532416946, "articles_read": 0.0014541692547287257, "review_text_sentiment": 0.004437218850197609, "review_text_length": 0.007102434434878504, "signup_date_days_since": 0.0034110320947480883, "signup_date_weekday": 0.005269275683385413, "signup_date_month": 0.00503380960427391, "gender_F": 0.000251386778746066, "gender_M": 0.00020322115661317912, "gender_Other": 0.00013313908720776952, "location_Chicago": 0.00015015127159426342, "location_Houston": 0.00746233504928227, "location_LA": 0.000371890401620315, "location_NYC": 0.0001448635164330892, "location_Phoenix": 0.0002065020489450593, "device_type_desktop": 0.00037774560350097903, "device_type_mobile": 0.004346964472979442, "device_type_tablet": 0.006094060587139537, "subscription_type_enterprise": 0.04551808423473158, "subscription_type_free": 0.3959309087805038, "subscription_type_premium": 0.2924708273900469}